Date,Long,Short
1986-01-15,2560,11594
1986-01-31,3405,8095
1986-02-14,5325,6896
1986-02-28,8756,5344
1986-03-14,12143,6800
1986-03-31,11074,11234
1986-04-15,13069,14111
1986-04-30,12758,16861
1986-05-15,17919,18404
1986-05-30,13518,15798
1986-06-13,15119,18063
1986-06-30,17393,14635
1986-07-15,19287,14530
1986-07-31,28598,17528
1986-08-15,20652,5337
1986-08-29,23566,5377
1986-09-15,21367,5327
1986-09-30,17727,7147
1986-10-15,24428,9876
1986-10-31,25243,13020
1986-11-14,22044,9218
1986-11-28,21781,12658
1986-12-15,29669,10692
1986-12-31,19387,12954
1987-01-15,17569,18749
1987-01-30,14868,21161
1987-02-13,10577,19861
1987-02-27,15648,21073
1987-03-13,11155,25583
1987-03-31,18828,24994
1987-04-15,12671,30537
1987-04-30,16024,27069
1987-05-15,20702,18231
1987-05-29,21038,18832
1987-06-15,24643,19626
1987-06-30,20417,20460
1987-07-15,28761,18440
1987-07-31,26520,22017
1987-08-14,37610,20184
1987-08-31,18410,22309
1987-09-15,22240,17669
1987-09-30,20939,20531
1987-10-15,20837,20096
1987-10-30,11472,17226
1987-11-13,11628,17519
1987-11-30,10762,30489
1987-12-15,14287,37920
1987-12-31,15328,28454
1988-01-15,17079,30509
1988-01-29,14363,25636
1988-02-12,14725,28746
1988-02-29,10388,37579
1988-03-15,11183,21839
1988-03-31,9240,24952
1988-04-15,18569,27981
1988-04-29,18368,29294
1988-05-13,17833,20669
1988-05-31,17154,23579
1988-06-15,15435,25524
1988-06-30,16425,28287
1988-07-15,11295,29873
1988-07-29,11745,27184
1988-08-15,12816,24455
1988-08-31,11079,26014
1988-09-15,9046,46018
1988-09-30,11068,42265
1988-10-14,11990,40098
1988-10-31,11749,34322
1988-11-15,12816,24487
1988-11-30,12389,32996
1988-12-15,23050,26946
1988-12-30,15975,30507
1989-01-13,16028,31110
1989-01-31,15064,33228
1989-02-15,19950,30634
1989-02-28,22717,32244
1989-03-15,20433,26213
1989-03-31,15526,31906
1989-04-14,15520,25770
1989-04-28,13965,38243
1989-05-15,10334,20517
1989-05-31,14399,15078
1989-06-15,13528,15303
1989-06-30,15081,15562
1989-07-14,16151,12644
1989-07-31,10382,13224
1989-08-15,9900,13491
1989-08-31,9672,15716
1989-09-15,15442,13839
1989-09-29,17384,14991
1989-10-13,17399,14615
1989-10-31,10949,21360
1989-11-15,9386,22389
1989-11-30,6945,23980
1989-12-15,12120,14296
1989-12-29,13776,21286
1990-01-15,13137,20357
1990-01-31,14229,15933
1990-02-15,23419,14301
1990-02-28,23705,15599
1990-03-15,13888,8286
1990-03-30,10748,14586
1990-04-12,6588,24287
1990-04-30,7825,27395
1990-05-15,11063,21015
1990-05-31,7690,24845
1990-06-15,11434,19116
1990-06-29,11989,29265
1990-07-13,11990,20871
1990-07-31,15540,26302
1990-08-15,10972,22707
1990-08-31,5923,22679
1990-09-14,12987,21826
1990-09-28,5997,26007
1990-10-15,3289,18966
1990-10-31,5812,13654
1990-11-15,5154,9560
1990-11-30,3964,11162
1990-12-14,4482,6532
1990-12-31,6101,3427
1991-01-15,4728,8098
1991-01-31,5619,8842
1991-02-15,5446,5299
1991-02-28,1868,6824
1991-03-15,2686,8416
1991-03-28,6449,6229
1991-04-15,10689,7319
1991-04-30,10198,12136
1991-05-15,13805,6603
1991-05-31,15686,8662
1991-06-14,10442,10727
1991-06-28,12893,5557
1991-07-15,16560,3987
1991-07-31,19385,5408
1991-08-15,14126,11891
1991-08-30,15702,4934
1991-09-16,7220,12072
1991-09-30,24100,18005
1991-10-15,25372,16702
1991-10-31,22590,24238
1991-11-15,9593,23328
1991-11-29,14952,24033
1991-12-13,16397,19827
1991-12-31,13791,19396
1992-01-15,18287,13899
1992-01-31,10529,16990
1992-02-14,15904,19848
1992-02-28,6853,17585
1992-03-13,10050,14381
1992-03-31,7,0
1992-04-15,0,0
1992-04-30,25719,6995
1992-05-15,17874,13447
1992-05-29,26037,24687
1992-06-15,23764,20650
1992-06-30,16320,17162
1992-07-15,13465,18542
1992-07-31,13496,20828
1992-08-14,8601,21303
1992-08-31,9678,24901
1992-09-15,14222,12638
1992-09-30,11152,24256
1992-10-06,10560,17536
1992-10-13,19421,7487
1992-10-20,20241,11498
1992-10-27,4478,25268
1992-11-03,4252,31971
1992-11-10,9573,26143
1992-11-17,10397,23708
1992-11-24,15805,19989
1992-12-01,12211,23353
1992-12-08,13928,27122
1992-12-15,11246,20987
1992-12-22,12642,19896
1992-12-29,12781,20845
1993-01-05,12976,22392
1993-01-12,10910,31307
1993-01-19,9019,22911
1993-01-26,10629,18095
1993-02-02,12093,13622
1993-02-09,11102,15230
1993-02-16,12222,8040
1993-02-23,18641,9698
1993-03-02,19399,5964
1993-03-09,22636,5274
1993-03-16,18741,8469
1993-03-23,18179,6817
1993-03-30,18756,7985
1993-04-06,17559,4525
1993-04-13,17716,4242
1993-04-20,19912,7429
1993-04-27,19930,8268
1993-05-04,18229,8676
1993-05-11,22235,8891
1993-05-18,21520,28020
1993-05-25,25634,28186
1993-06-01,26348,20592
1993-06-08,25005,26935
1993-06-15,12755,28801
1993-06-22,16709,29946
1993-06-29,18693,29182
1993-07-06,16656,38216
1993-07-13,9724,38788
1993-07-20,7841,49059
1993-07-27,7785,48980
1993-08-03,9159,47489
1993-08-10,10339,44040
1993-08-17,13888,29989
1993-08-24,10662,30581
1993-08-31,11388,31286
1993-09-07,9247,36618
1993-09-14,7731,33352
1993-09-21,8884,27618
1993-09-28,11887,29638
1993-10-05,18108,22096
1993-10-12,17951,20087
1993-10-19,15350,18271
1993-10-26,23866,28696
1993-11-02,16606,39588
1993-11-09,29989,27263
1993-11-16,21865,28773
1993-11-23,14742,30243
1993-11-30,16281,31846
1993-12-07,21195,36816
1993-12-14,26382,34496
1993-12-21,22683,36161
1993-12-28,21298,32721
1994-01-04,23574,31909
1994-01-11,28604,33213
1994-01-18,21718,33134
1994-01-25,20548,30234
1994-02-01,28016,29704
1994-02-08,21162,25707
1994-02-15,17057,28239
1994-02-22,21507,24749
1994-03-01,28525,23943
1994-03-08,28546,30707
1994-03-15,24510,23422
1994-03-22,26860,18923
1994-03-29,21444,30975
1994-04-05,28591,15237
1994-04-12,28008,16798
1994-04-19,33641,13301
1994-04-26,37712,14541
1994-05-03,36233,17279
1994-05-10,39985,20056
1994-05-17,33852,17438
1994-05-24,41064,10786
1994-05-31,40265,9597
1994-06-07,32759,15479
1994-06-14,36468,6527
1994-06-21,37112,8096
1994-06-28,37464,11052
1994-07-05,38112,10201
1994-07-12,41525,11073
1994-07-19,37662,6787
1994-07-26,34081,7099
1994-08-02,42597,7793
1994-08-09,36376,12916
1994-08-16,23395,10055
1994-08-23,23869,18246
1994-08-30,30592,16655
1994-09-06,29217,16729
1994-09-13,27683,20080
1994-09-20,26026,22075
1994-09-27,28887,17552
1994-10-04,36334,8177
1994-10-11,39827,8055
1994-10-18,28775,12630
1994-10-25,29779,12043
1994-11-01,37116,8264
1994-11-08,40281,9195
1994-11-15,25071,6310
1994-11-22,26463,9869
1994-11-29,25698,8096
1994-12-06,24394,26424
1994-12-13,22415,29069
1994-12-20,24056,28187
1994-12-27,22511,22263
1995-01-03,20821,11943
1995-01-10,24901,13141
1995-01-17,28258,5667
1995-01-24,59011,3158
1995-01-31,48148,3252
1995-02-07,54750,3697
1995-02-14,50362,3287
1995-02-21,56425,1814
1995-02-28,56525,1662
1995-03-07,52791,2604
1995-03-14,29512,4806
1995-03-21,38116,3086
1995-03-28,61059,1519
1995-04-04,65992,3854
1995-04-11,62903,5601
1995-04-18,63927,5683
1995-04-25,64510,5517
1995-05-02,69347,2492
1995-05-09,56682,6564
1995-05-16,43477,1577
1995-05-23,45858,3656
1995-05-30,24890,4607
1995-06-06,21796,6198
1995-06-13,20181,9652
1995-06-20,14745,29949
1995-06-27,12949,36402
1995-07-03,12384,35854
1995-07-11,12975,41447
1995-07-18,13675,39619
1995-07-25,13951,41491
1995-08-01,16490,24008
1995-08-08,30228,20905
1995-08-15,21104,20868
1995-08-22,23231,12933
1995-08-29,25662,11369
1995-09-05,34782,10967
1995-09-12,42935,11255
1995-09-19,48570,10754
1995-09-26,23693,14291
1995-10-03,22036,9613
1995-10-10,16425,26196
1995-10-17,17002,17435
1995-10-24,16365,19186
1995-10-31,16577,16347
1995-11-07,24291,15340
1995-11-14,21395,14986
1995-11-21,44033,16207
1995-11-28,51687,13987
1995-12-05,54797,11882
1995-12-12,53692,9413
1995-12-19,49699,12944
1995-12-26,48570,11922
1996-01-02,49036,11222
1996-01-09,55390,15660
1996-01-16,21705,14342
1996-01-23,11841,18753
1996-01-30,10308,26175
1996-02-06,11304,31012
1996-02-13,12780,21328
1996-02-20,24769,18507
1996-02-27,34805,15087
1996-03-05,24997,17504
1996-03-12,29763,18583
1996-03-19,35531,16196
1996-03-26,40544,22670
1996-04-02,41898,16616
1996-04-09,39454,21247
1996-04-16,36856,16800
1996-04-23,30881,15458
1996-04-30,27360,20803
1996-05-07,23265,24475
1996-05-14,22635,16646
1996-05-21,19776,19548
1996-05-28,27846,17767
1996-06-04,17890,15713
1996-06-11,15718,21109
1996-06-18,23200,16726
1996-06-25,21628,15823
1996-07-02,31145,14894
1996-07-09,30037,16097
1996-07-16,38080,11471
1996-07-23,36937,10491
1996-07-30,30664,12045
1996-08-06,33170,15036
1996-08-13,39974,12533
1996-08-20,40523,15227
1996-08-27,39033,15432
1996-09-03,39680,20199
1996-09-10,38625,17448
1996-09-17,35226,15694
1996-09-24,36735,16529
1996-10-01,40242,17710
1996-10-08,36404,15430
1996-10-15,37551,15622
1996-10-22,39265,14477
1996-10-29,31417,12760
1996-11-05,24181,17668
1996-11-12,22011,14029
1996-11-19,25947,12275
1996-11-26,21863,13545
1996-12-03,28029,15596
1996-12-10,25078,17673
1996-12-17,24641,7733
1996-12-24,25394,9526
1996-12-31,28487,9315
1997-01-07,32724,10272
1997-01-14,22342,9073
1997-01-21,27005,11330
1997-01-28,20074,12937
1997-02-04,20319,16749
1997-02-11,9281,32687
1997-02-18,10536,32469
1997-02-25,13266,34967
1997-03-04,11905,44337
1997-03-11,14373,43932
1997-03-18,17289,30024
1997-03-25,21136,19470
1997-04-01,15523,21162
1997-04-08,13904,33047
1997-04-15,14160,28218
1997-04-22,14332,30547
1997-04-29,21028,26461
1997-05-06,17064,27644
1997-05-13,27859,11574
1997-05-20,51503,6513
1997-05-27,44349,7860
1997-06-03,29308,8554
1997-06-10,13568,22864
1997-06-17,10943,34625
1997-06-24,10656,41577
1997-07-01,11762,27016
1997-07-08,14465,27377
1997-07-15,15276,30395
1997-07-22,11282,26166
1997-07-29,16650,23337
1997-08-05,33704,18764
1997-08-12,33160,17545
1997-08-19,34670,15631
1997-08-26,17434,26669
1997-09-02,22234,27358
1997-09-09,17653,26716
1997-09-16,20376,34389
1997-09-23,19017,31992
1997-09-30,59974,20682
1997-10-07,76743,20848
1997-10-14,58462,19764
1997-10-21,42681,13423
1997-10-28,31873,14099
1997-11-04,28934,15300
1997-11-11,23393,22667
1997-11-18,20897,25781
1997-11-25,11442,41013
1997-12-02,13493,56790
1997-12-09,9768,64837
1997-12-16,11526,71074
1997-12-23,14766,67580
1997-12-30,14251,76887
1998-01-06,16670,71232
1998-01-13,21066,70368
1998-01-20,21781,74871
1998-01-27,19633,56226
1998-02-03,23515,48245
1998-02-10,27589,43383
1998-02-17,32508,46124
1998-02-24,33058,42483
1998-03-03,32842,43178
1998-03-10,32315,42899
1998-03-17,32605,45416
1998-03-24,34210,27720
1998-03-31,34601,20631
1998-04-07,33529,30435
1998-04-14,40249,27535
1998-04-21,35913,27674
1998-04-28,29141,37996
1998-05-05,29048,36502
1998-05-12,27509,34526
1998-05-19,27282,41357
1998-05-26,24018,49057
1998-06-02,26545,48148
1998-06-09,32585,43766
1998-06-16,29042,49323
1998-06-23,24866,43795
1998-06-30,19412,43599
1998-07-07,20698,42812
1998-07-14,32964,40931
1998-07-21,32806,38840
1998-07-28,27189,39716
1998-08-04,26544,48430
1998-08-11,28388,51090
1998-08-18,30559,49810
1998-08-25,34262,51813
1998-09-01,34301,54401
1998-09-08,34330,33719
1998-09-15,40275,31695
1998-09-22,59503,19126
1998-09-29,69936,13315
1998-10-06,54868,20895
1998-10-13,36205,25395
1998-10-20,26413,48648
1998-10-27,25761,40927
1998-11-03,31119,39163
1998-11-10,37983,41253
1998-11-17,39586,46739
1998-11-24,37169,50818
1998-12-01,41825,54455
1998-12-08,35018,52895
1998-12-15,34771,48192
1998-12-22,21523,42263
1998-12-29,21129,40110
1999-01-05,20470,38340
1999-01-12,26825,23963
1999-01-19,28147,31267
1999-01-26,22234,39071
1999-02-02,19726,39398
1999-02-09,17799,38210
1999-02-16,15758,50285
1999-02-23,22957,30828
1999-03-02,18980,22658
1999-03-09,52126,16344
1999-03-16,64668,19485
1999-03-23,68030,24184
1999-03-30,74278,24299
1999-04-06,75525,26185
1999-04-13,80120,21452
1999-04-20,82895,23534
1999-04-27,86958,30335
1999-05-04,91706,33608
1999-05-11,86724,37155
1999-05-18,71040,25002
1999-05-25,58991,20875
1999-06-01,48177,21304
1999-06-08,54113,19860
1999-06-15,80681,20903
1999-06-22,76313,26976
1999-06-29,83810,19264
1999-07-06,103298,25436
1999-07-13,103642,25545
1999-07-20,91960,22460
1999-07-27,87962,26583
1999-08-03,86434,22023
1999-08-10,88011,21691
1999-08-17,97570,15778
1999-08-24,96914,15038
1999-08-31,86643,13842
1999-09-07,94939,12256
1999-09-14,94922,16446
1999-09-21,93314,21814
1999-09-28,93731,21159
1999-10-05,81380,18200
1999-10-12,55350,15996
1999-10-19,43485,18683
1999-10-26,53395,11792
1999-11-02,41251,14695
1999-11-09,50631,17388
1999-11-16,63262,24508
1999-11-23,72456,19081
1999-11-30,56675,18469
1999-12-07,53704,18373
1999-12-14,44693,15364
1999-12-21,40622,16754
1999-12-28,43264,16375
2000-01-04,42046,22858
2000-01-11,46139,26336
2000-01-18,54026,18421
2000-01-25,58983,21584
2000-02-01,68006,22774
2000-02-08,64399,34793
2000-02-15,75372,29854
2000-02-22,74242,27071
2000-02-29,71652,27160
2000-03-07,66663,27636
2000-03-14,57106,27980
2000-03-21,48846,23275
2000-03-28,43305,24297
2000-04-04,39576,24337
2000-04-11,33704,33282
2000-04-18,24270,33598
2000-04-25,22524,33639
2000-05-02,35341,31110
2000-05-09,42405,20926
2000-05-16,59157,21069
2000-05-23,49298,13794
2000-05-30,54935,13714
2000-06-06,48514,17532
2000-06-13,51276,21277
2000-06-20,49826,18552
2000-06-27,50562,19479
2000-07-05,47524,18335
2000-07-11,44359,21819
2000-07-18,46748,27276
2000-07-25,33755,25058
2000-08-01,23838,26394
2000-08-08,24616,28962
2000-08-15,41178,34377
2000-08-22,42166,30725
2000-08-29,48591,33674
2000-09-05,44591,39138
2000-09-12,44047,45596
2000-09-19,42150,42067
2000-09-26,38858,34524
2000-10-03,27688,38180
2000-10-10,27913,40506
2000-10-17,38388,38534
2000-10-24,35427,39316
2000-10-31,39480,40373
2000-11-07,36366,38150
2000-11-14,45158,36715
2000-11-21,52470,38679
2000-11-28,54131,42262
2000-12-05,45162,33563
2000-12-12,37408,44432
2000-12-19,37763,41219
2000-12-26,41852,46753
2001-01-02,40330,51858
2001-01-09,42149,52763
2001-01-16,40410,58102
2001-01-23,42137,54981
2001-01-30,38021,55065
2001-02-06,28751,53683
2001-02-13,34052,42274
2001-02-20,24518,42660
2001-02-27,22664,47043
2001-03-06,21057,44713
2001-03-13,24390,42184
2001-03-20,19583,49894
2001-03-27,16129,39314
2001-04-03,12623,52000
2001-04-10,19725,33368
2001-04-17,23147,19658
2001-04-24,21702,18439
2001-05-01,22336,16277
2001-05-08,21505,21960
2001-05-15,26488,20494
2001-05-22,39886,21374
2001-05-29,25612,23535
2001-06-05,20394,29272
2001-06-12,23909,26843
2001-06-19,21040,38080
2001-06-26,15992,54935
2001-07-03,16777,65318
2001-07-10,13990,67476
2001-07-17,16354,62392
2001-07-24,13861,63619
2001-07-31,13801,64164
2001-08-07,15930,46051
2001-08-14,19548,48819
2001-08-21,18390,49566
2001-08-28,18455,43287
2001-09-04,20660,49138
2001-09-18,36998,32809
2001-09-25,22054,41050
2001-10-02,17156,61845
2001-10-09,18386,63980
2001-10-16,17501,66229
2001-10-23,19542,56906
2001-10-30,18097,62773
2001-11-06,13548,77863
2001-11-13,12701,75044
2001-11-20,12564,62255
2001-11-27,14594,60754
2001-12-04,9897,67351
2001-12-11,13032,82311
2001-12-18,12050,83978
2001-12-21,11902,83633
2001-12-28,12277,75766
2002-01-08,13620,57993
2002-01-15,16826,64693
2002-01-22,15621,56809
2002-01-29,16639,62803
2002-02-05,17001,59009
2002-02-12,29008,49952
2002-02-19,35374,38418
2002-02-26,37717,40021
2002-03-05,46762,29420
2002-03-12,56640,33668
2002-03-19,69384,17160
2002-03-26,77030,18005
2002-04-02,79152,19197
2002-04-09,70911,19484
2002-04-16,64876,18898
2002-04-23,59707,23552
2002-04-30,59586,27836
2002-05-07,55657,27877
2002-05-14,71756,29960
2002-05-21,54351,34506
2002-05-28,46605,28420
2002-06-04,38442,25700
2002-06-11,32301,32087
2002-06-18,36231,28932
2002-06-25,44306,25417
2002-07-02,48582,26441
2002-07-09,47049,22872
2002-07-16,63894,28822
2002-07-23,53629,31160
2002-07-30,53562,27971
2002-08-06,43900,32910
2002-08-13,50208,43143
2002-08-20,65057,54832
2002-08-27,72960,47056
2002-09-03,67774,44737
2002-09-10,77136,49295
2002-09-17,69357,35729
2002-09-24,78426,42680
2002-10-01,84501,40774
2002-10-08,72246,46886
2002-10-15,67638,49392
2002-10-22,46140,46876
2002-10-29,36876,56794
2002-11-05,39572,58226
2002-11-12,42585,65127
2002-11-19,39880,61971
2002-11-26,35326,49042
2002-12-03,37702,51267
2002-12-10,49770,54900
2002-12-17,52859,40624
2002-12-23,68531,40537
2002-12-31,69202,51408
2003-01-07,72208,77241
2003-01-14,82574,70946
2003-01-21,92233,78509
2003-01-28,81188,79134
2003-02-04,96640,92487
2003-02-11,97175,99708
2003-02-14,88940,96756
2003-02-25,94633,96930
2003-03-04,88495,104587
2003-03-11,70407,112750
2003-03-18,45288,78006
2003-03-25,31137,76679
2003-04-01,27209,84266
2003-04-08,30826,81071
2003-04-15,31363,80283
2003-04-22,30598,65792
2003-04-29,32980,71761
2003-05-06,29710,74893
2003-05-13,41614,67026
2003-05-20,35382,53693
2003-05-27,39388,55731
2003-06-03,59020,56964
2003-06-10,77723,60802
2003-06-17,70779,64702
2003-06-24,67656,49696
2003-07-01,77603,50320
2003-07-08,86555,56080
2003-07-15,105888,68014
2003-07-22,93833,70461
2003-07-29,100057,64951
2003-08-05,132720,72695
2003-08-12,126978,76367
2003-08-19,92321,63903
2003-08-26,104965,62957
2003-09-02,84697,67207
2003-09-09,60811,59942
2003-09-16,37479,67666
2003-09-23,27676,78671
2003-09-30,37903,76689
2003-10-07,50921,70071
2003-10-14,90233,70791
2003-10-21,77286,56259
2003-10-28,73159,45259
2003-11-04,44879,47867
2003-11-11,66844,50274
2003-11-18,108061,51592
2003-11-25,82886,51149
2003-12-02,81255,48804
2003-12-09,89938,56717
2003-12-16,116883,60446
2003-12-22,114262,66320
2003-12-30,116400,65813
2004-01-06,131216,69860
2004-01-13,138114,78726
2004-01-20,129827,78311
2004-01-27,129986,78944
2004-02-03,129870,76362
2004-02-10,125872,78893
2004-02-17,138262,70589
2004-02-24,145199,68755
2004-03-02,162443,79992
2004-03-09,157096,81347
2004-03-16,154111,85322
2004-03-23,158945,78905
2004-03-30,138574,79126
2004-04-06,110052,85810
2004-04-12,134024,86298
2004-04-20,141042,83851
2004-04-27,148250,88708
2004-05-04,159882,94334
2004-05-11,167232,100798
2004-05-18,151533,85696
2004-05-25,155632,78257
2004-06-01,145588,80301
2004-06-08,108585,72714
2004-06-15,101652,74890
2004-06-22,100973,74119
2004-06-29,92407,77761
2004-07-06,101057,76001
2004-07-13,106294,75148
2004-07-20,112340,76198
2004-07-27,112390,78689
2004-08-03,127598,87299
2004-08-10,128827,92524
2004-08-17,133142,85193
2004-08-24,119236,87802
2004-08-31,107428,79466
2004-09-07,105350,84140
2004-09-14,104068,90870
2004-09-21,114804,88062
2004-09-28,128187,94925
2004-10-05,131602,94423
2004-10-12,126391,101626
2004-10-19,117650,95306
2004-10-26,117340,96377
2004-11-02,100427,95191
2004-11-09,93833,90147
2004-11-16,85830,85168
2004-11-23,84915,79162
2004-11-30,82978,77163
2004-12-07,71523,88963
2004-12-14,68310,77382
2004-12-21,69805,68167
2004-12-28,69987,64968
2005-01-04,74567,67020
2005-01-11,79563,70949
2005-01-18,86451,70526
2005-01-25,98204,64354
2005-02-01,100507,69555
2005-02-08,99003,71446
2005-02-15,101963,70335
2005-02-22,120964,66788
2005-03-01,130797,70624
2005-03-08,158645,81982
2005-03-15,168856,101171
2005-03-22,166969,97460
2005-03-29,164014,90222
2005-04-05,173593,84881
2005-04-12,154538,94888
2005-04-19,367,0
2005-04-26,121606,95598
2005-05-03,107003,98600
2005-05-10,103029,102944
2005-05-17,87892,90200
2005-05-24,80567,94886
2005-05-31,83989,101390
2005-06-07,92147,90772
2005-06-14,99237,86674
2005-06-21,108262,88415
2005-06-28,112569,90561
2005-07-05,121277,88519
2005-07-12,122269,88240
2005-07-19,108705,89806
2005-07-26,106194,94265
2005-08-02,121061,94991
2005-08-09,139400,104412
2005-08-16,154463,114068
2005-08-23,140449,124729
2005-08-30,142591,123231
2005-09-06,140777,116683
2005-09-13,114638,122886
2005-09-20,110078,123181
2005-09-27,107481,133810
2005-10-04,118480,145731
2005-10-11,106875,147445
2005-10-18,123903,150021
2005-10-25,120653,158737
2005-11-01,120127,162167
2005-11-08,122079,169895
2005-11-15,115494,171662
2005-11-22,115470,158534
2005-11-29,121151,164924
2005-12-06,131832,161359
2005-12-13,132646,162587
2005-12-20,120418,137409
2005-12-27,120638,144892
2006-01-03,131842,146245
2006-01-10,145309,146031
2006-01-17,148056,149732
2006-01-24,151138,145597
2006-01-31,157003,137033
2006-02-07,137673,138212
2006-02-14,129197,147698
2006-02-21,112024,142152
2006-02-28,120612,146263
2006-03-07,125295,144421
2006-03-14,130086,145344
2006-03-21,128840,135177
2006-03-28,11276,7252
2006-04-04,149602,119577
2006-04-11,157568,129319
2006-04-18,183102,116353
2006-04-25,198211,124188
2006-05-02,216298,122204
2006-05-09,11490,16078
2006-05-16,199020,120813
2006-05-23,171787,117187
2006-05-30,8617,9593
2006-06-06,11771,11119
2006-06-13,12025,12624
2006-06-20,161715,134969
2006-06-27,171371,134557
2006-07-03,19941,14240
2006-07-11,193203,135437
2006-07-18,4020,7590
2006-07-25,185092,124807
2006-08-01,24960,26244
2006-08-08,7075,8182
2006-08-15,21289,22839
2006-08-22,14034,15687
2006-08-29,2993,6983
2006-09-05,179017,131700
2006-09-12,20452,28025
2006-09-19,27468,24171
2006-09-26,166460,152775
2006-10-03,30707,34044
2006-10-10,29889,31892
2006-10-17,18036,23519
2006-10-24,2679,6630
2006-10-31,7534,5807
2006-11-07,8004,5240
2006-11-14,6948,5597
2006-11-21,3718,7053
2006-11-28,169872,158058
2006-12-05,3330,8295
2006-12-12,167097,154639
2006-12-19,2438,8852
2006-12-26,160309,140461
2007-01-03,2502,9121
2007-01-09,2707,9875
2007-01-16,4068,16445
2007-01-23,171292,179791
2007-01-30,3029,9509
2007-02-06,0,0
2007-02-13,172152,179365
2007-02-20,168334,160472
2007-02-27,25244,14
2007-03-06,3245,8231
2007-03-13,25636,2138
2007-03-20,0,0
2007-03-27,179645,139466
2007-04-03,2157,10713
2007-04-10,0,0
2007-04-17,1798,10155
2007-04-24,0,0
2007-05-01,0,0
2007-05-08,0,0
2007-05-15,3332,10321
2007-05-22,0,0
2007-05-29,23911,9531
2007-06-05,180566,125651
2007-06-12,3083,16716
2007-06-19,23095,10646
2007-06-26,22843,11912
2007-07-03,4001,17918
2007-07-10,4126,18675
2007-07-17,248968,137421
2007-07-24,7106,20871
2007-07-31,6856,21789
2007-08-07,0,350
2007-08-14,20776,15739
2007-08-21,19925,16385
2007-08-28,202843,195413
2007-09-04,221536,188679
2007-09-11,18942,15423
2007-09-18,10286,21939
2007-09-25,19089,17847
2007-10-02,0,0
2007-10-09,0,0
2007-10-16,12580,27989
2007-10-23,50,600
2007-10-30,19380,28135
2007-11-06,50,600
2007-11-13,100,600
2007-11-20,19966,21621
2007-11-27,0,600
2007-12-04,215237,181083
2007-12-11,0,650
2007-12-18,21804,22139
2007-12-24,0,650
2007-12-31,24726,22737
2008-01-08,0,700
2008-01-15,23089,20355
2008-01-22,0,700
2008-01-29,0,700
2008-02-05,205649,184815
2008-02-12,27844,19331
2008-02-19,0,550
2008-02-26,29137,26477
2008-03-04,29568,26431
2008-03-11,0,565
2008-03-18,31681,32747
2008-03-25,226381,181418
2008-04-01,225434,187730
2008-04-08,20949,17023
2008-04-15,150,815
2008-04-22,24383,17867
2008-04-29,258388,188091
2008-05-06,150,865
2008-05-13,29902,36163
2008-05-20,24713,16713
2008-05-27,1050,865
2008-06-03,21592,14674
2008-06-10,10837,30889
2008-06-17,900,650
2008-06-24,211137,190540
2008-07-01,221478,194966
2008-07-08,16766,29883
2008-07-15,16346,30293
2008-07-22,21794,14547
2008-07-29,21384,14650
2008-08-05,197332,202882
2008-08-12,192081,201211
2008-08-19,20990,13756
2008-08-26,20990,13808
2008-09-02,21228,13606
2008-09-09,198328,191992
2008-09-16,19598,30408
2008-09-23,19444,12873
2008-09-30,192759,152666
2008-10-07,195,900
2008-10-14,164118,166017
2008-10-21,24249,12272
2008-10-28,185108,193514
2008-11-04,191433,201976
2008-11-11,85,2882
2008-11-18,184453,173468
2008-11-25,18575,33994
2008-12-02,23394,10653
2008-12-09,22168,11698
2008-12-16,205840,141720
2008-12-22,22676,10600
2008-12-30,16685,31104
2009-01-06,380,3443
2009-01-13,780,2693
2009-01-20,17697,39372
2009-01-27,780,2572
2009-02-03,19897,17696
2009-02-10,17871,38216
2009-02-17,19198,21921
2009-02-24,234105,205356
2009-03-03,2325,3316
2009-03-10,2325,3141
2009-03-17,22302,26162
2009-03-24,36604,38050
2009-03-31,23805,37713
2009-04-07,186928,174435
2009-04-14,2323,3441
2009-04-21,19497,27458
2009-04-28,24700,34919
2009-05-05,19311,26910
2009-05-12,27044,38510
2009-05-19,22001,46473
2009-05-26,185237,145115
2009-06-02,5436,525
2009-06-09,204490,156607
2009-06-16,4989,500
2009-06-23,4142,625
2009-06-30,35956,32462
2009-07-07,193867,178510
2009-07-14,194213,178056
2009-07-21,2190,675
2009-07-28,2190,600
2009-08-04,1245,700
2009-08-11,214274,187197
2009-08-18,48300,36908
2009-08-25,645,725
2009-09-01,215729,187135
2009-09-08,211936,178824
2009-09-15,219352,173795
2009-09-22,152,1760
2009-09-29,34862,34706
2009-10-06,20270,43864
2009-10-13,44074,32113
2009-10-20,35445,35777
2009-10-27,152,2130
2009-11-03,37797,32867
2009-11-09,37886,33254
2009-11-17,50342,35665
2009-11-24,182,1435
2009-12-01,238536,162143
2009-12-08,16320,29512
2009-12-15,239601,186409
2009-12-22,100,1305
2009-12-29,39322,31492
2010-01-05,36759,25864
2010-01-12,190,1305
2010-01-19,476,1130
2010-01-26,40166,28202
2010-02-02,19484,35260
2010-02-09,1380,780
2010-02-16,29516,23657
2010-02-23,19232,32377
2010-03-02,44955,24892
2010-03-09,269578,160264
2010-03-16,283006,158863
2010-03-23,34816,34973
2010-03-30,14847,35677
2010-04-06,195,979
2010-04-13,37709,38234
2010-04-20,283157,161682
2010-04-27,40137,40205
2010-05-04,37117,14129
2010-05-11,32654,13913
2010-05-18,15223,39128
2010-05-25,203,285
2010-06-01,48481,15945
2010-06-08,13819,31005
2010-06-15,13115,31516
2010-06-22,12537,31517
2010-06-29,35625,14409
2010-07-06,28112,21489
2010-07-13,239531,204886
2010-07-20,41057,20714
2010-07-27,12312,28790
2010-08-03,50,785
2010-08-10,16201,29359
2010-08-17,50,785
2010-08-24,11943,29137
2010-08-31,116,785
2010-09-07,258,835
2010-09-14,5862,33918
2010-09-21,26099,16846
2010-09-28,26789,17294
2010-10-05,319363,203337
2010-10-12,51490,29500
2010-10-19,26826,15201
2010-10-26,24808,15720
2010-11-02,8486,36106
2010-11-09,27581,15420
2010-11-16,52180,29042
2010-11-23,52807,30772
2010-11-30,57292,19973
2010-12-07,63327,20015
2010-12-14,4451,31244
2010-12-21,478,2166
2010-12-28,333184,170634
2011-01-04,36760,16820
2011-01-11,403,954
2011-01-18,37248,17499
2011-01-25,4451,30436
2011-02-01,355,1566
2011-02-08,5611,28126
2011-02-15,380,1980
2011-02-22,405,1980
2011-03-01,55849,27996
2011-03-08,44182,17488
2011-03-15,44678,21557
2011-03-22,5582,29592
2011-03-29,190,712
2011-04-05,150,564
2011-04-12,8296,27243
2011-04-19,405826,151795
2011-04-26,5712,27429
2011-05-03,50242,16882
2011-05-10,53477,16982
2011-05-17,2507,18071
2011-05-24,342552,143360
2011-05-31,64863,8651
2011-06-07,59947,21518
2011-06-14,65188,14690
2011-06-21,2715,18062
2011-06-28,55570,18797
2011-07-05,317825,179435
2011-07-12,324437,173542
2011-07-19,200,3090
2011-07-26,150,2940
2011-08-02,56264,17775
2011-08-09,150,2370
2011-08-16,51753,17499
2011-08-23,3030,17534
2011-08-30,150,1427
2011-09-06,3155,18230
2011-09-13,34862,17047
2011-09-20,663,751
2011-09-27,39930,20840
2011-10-04,48141,17550
2011-10-11,48221,16051
2011-10-18,3606,17257
2011-10-25,40227,17488
2011-11-01,4003,15061
2011-11-08,329388,162346
2011-11-15,45794,17686
2011-11-22,2898,12078
2011-11-29,47595,18806
2011-12-06,200,1175
2011-12-13,312304,163001
2011-12-20,39370,20547
2011-12-27,4700,12019
2012-01-03,301080,156612
2012-01-10,312172,152824
2012-01-17,4939,12963
2012-01-24,322355,144510
2012-01-31,321176,150477
2012-02-07,50963,9932
2012-02-14,600,325
2012-02-21,47639,27625
2012-02-28,4969,12674
2012-03-06,43803,28895
2012-03-13,45689,36400
2012-03-20,969,1163
2012-03-27,387687,158235
2012-04-03,37285,43275
2012-04-10,1237,1563
2012-04-17,4093,7415
2012-04-24,66407,13104
2012-05-01,4236,7104
2012-05-08,356626,172666
2012-05-15,1512,1388
2012-05-22,1512,1388
2012-05-29,38450,44754
2012-06-05,4865,6533
2012-06-12,4749,10030
2012-06-19,5012,10230
2012-06-26,295571,182738
2012-07-03,319921,188338
2012-07-10,57193,19538
2012-07-17,2769,4785
2012-07-24,58220,20570
2012-07-31,796,1275
2012-08-07,31519,35482
2012-08-14,5728,9968
2012-08-21,5792,10714
2012-08-28,34592,51500
2012-09-04,374147,135555
2012-09-11,380849,132184
2012-09-18,1826,445
2012-09-25,2877,6326
2012-10-02,366395,150515
2012-10-09,5834,10854
2012-10-16,5813,10379
2012-10-23,5158,6519
2012-10-30,2392,0
2012-11-06,59515,14368
2012-11-13,5631,5254
2012-11-20,6677,1347
2012-11-27,338845,158811
2012-12-04,72073,50724
2012-12-11,72773,54875
2012-12-18,3923,7107
2012-12-24,6946,2553
2012-12-31,336952,138874
2013-01-08,7862,2553
2013-01-15,5969,8171
2013-01-22,8539,2394
2013-01-29,378904,110915
2013-02-05,380063,113259
2013-02-12,8305,3159
2013-02-19,6257,11649
2013-02-26,76242,56770
2013-03-05,5162,14553
2013-03-12,376467,148272
2013-03-19,9585,14679
2013-03-26,10319,15647
2013-04-02,10682,15929
2013-04-09,12167,2400
2013-04-16,92246,39997
2013-04-23,64323,12663
2013-04-30,366605,156664
2013-05-07,56007,11824
2013-05-14,9532,2403
2013-05-21,386105,117161
2013-05-28,379881,122742
2013-06-04,94150,42218
2013-06-11,10015,2406
2013-06-18,62300,13288
2013-06-25,387757,113283
2013-07-02,89336,31992
2013-07-09,7050,1409
2013-07-16,56196,13940
2013-07-23,8657,1866
2013-07-30,11847,17895
2013-08-06,478249,120723
2013-08-13,59143,15573
2013-08-20,2358,1872
2013-08-27,471493,126363
2013-09-03,464921,125573
2013-09-10,62825,19793
2013-09-17,2400,3470
2013-09-24,90280,28460
2013-10-01,84659,30994
2013-10-08,427951,112357
2013-10-15,56779,18909
2013-10-22,14016,12086
2013-10-29,84188,24186
2013-11-05,13026,15567
2013-11-12,58978,16166
2013-11-19,61549,18648
2013-11-26,115042,24028
2013-12-03,457545,136697
2013-12-10,460410,111407
2013-12-17,456968,110268
2013-12-24,105186,18041
2013-12-31,65026,18558
2014-01-07,95423,22985
2014-01-14,15608,16166
2014-01-21,56650,14495
2014-01-28,471470,120324
2014-02-04,471978,111761
2014-02-11,486742,104408
2014-02-18,61778,11509
2014-02-25,514502,98064
2014-03-04,106952,29965
2014-03-11,60507,13654
2014-03-18,94536,33417
2014-03-25,15156,31256
2014-04-01,15720,32117
2014-04-08,512035,112248
2014-04-15,64421,14642
2014-04-22,22245,56362
2014-04-29,22515,58034
2014-05-06,64322,11753
2014-05-13,81033,32105
2014-05-20,22515,57651
2014-05-27,22515,56663
2014-06-03,57369,10303
2014-06-10,93771,23775
2014-06-17,64272,15548
2014-06-24,83530,39382
2014-07-01,91392,41759
2014-07-08,68892,14994
2014-07-15,86920,44797
2014-07-22,467574,96130
2014-07-29,18107,44798
2014-08-05,68308,14710
2014-08-12,93193,28875
2014-08-19,429288,105815
2014-08-26,357,925
2014-09-02,421058,118494
2014-09-09,426580,126598
2014-09-16,20934,62722
2014-09-23,423239,127187
2014-09-30,72062,15544
2014-10-07,67728,16858
2014-10-14,22580,69269
2014-10-21,425,691
2014-10-28,77092,43728
2014-11-04,68226,17958
2014-11-11,442119,165287
2014-11-18,79096,48562
2014-11-25,10596,68580
2014-12-02,72729,15956
2014-12-09,74064,15482
2014-12-16,15325,68575
2014-12-23,867,0
2014-12-30,65745,45415
2015-01-06,74555,41586
2015-01-13,87163,37386
2015-01-20,59729,13753
2015-01-27,61431,14031
2015-02-03,488256,216060
2015-02-10,8178,60436
2015-02-17,65753,15894
2015-02-24,490905,221068
2015-03-03,4866,60605
2015-03-10,4683,61022
2015-03-17,3876,59501
2015-03-24,800,2
2015-03-31,4760,60631
2015-04-07,67633,8147
2015-04-14,6905,62370
2015-04-21,85316,50607
2015-04-28,5654,61358
2015-05-05,78718,56360
2015-05-12,512443,192231
2015-05-19,5783,66591
2015-05-26,73598,45842
2015-06-02,67305,8481
2015-06-09,65297,35501
2015-06-16,72865,8496
2015-06-23,75432,8515
2015-06-30,58946,48717
2015-07-07,72247,7493
2015-07-14,13943,70293
2015-07-21,464330,210647
2015-07-28,71652,7096
2015-08-04,17137,74698
2015-08-11,93592,53077
2015-08-18,92337,52753
2015-08-25,474160,258597
2015-09-01,69204,9783
2015-09-08,11443,75391
2015-09-15,106201,60008
2015-09-22,16817,75089
2015-09-29,16603,74675
2015-10-06,71568,7563
2015-10-13,93352,60484
2015-10-20,73518,10695
2015-10-27,81718,78558
2015-11-03,493384,247193
2015-11-10,498945,260623
2015-11-17,95725,63397
2015-11-24,79256,72536
2015-12-01,475582,267104
2015-12-08,17385,71683
2015-12-15,472228,261717
2015-12-22,79685,70491
2015-12-29,73961,11119
2016-01-05,86420,74347
2016-01-12,499795,336291
2016-01-19,68724,11606
2016-01-26,68160,12297
2016-02-02,18055,74734
2016-02-09,544800,356923
2016-02-16,517940,358953
2016-02-23,67465,13529
2016-03-01,529761,317243
2016-03-08,535589,291337
2016-03-15,71085,13925
2016-03-22,72496,13187
2016-03-29,66276,69748
2016-04-05,69041,65867
2016-04-12,69401,65001
2016-04-19,70560,8917
2016-04-26,544282,210017
2016-05-03,6184,56481
2016-05-10,64708,61694
2016-05-17,7842,55877
2016-05-24,74211,13367
2016-05-31,64295,47980
2016-06-07,58991,54245
2016-06-14,523352,210767
2016-06-21,11135,55549
2016-06-28,73348,14856
2016-07-05,61167,42327
2016-07-12,65036,14040
2016-07-19,65770,14040
2016-07-26,539345,266046
2016-08-02,11904,56646
2016-08-09,10535,57934
2016-08-16,59185,13981
2016-08-23,10520,58552
2016-08-30,66478,48498
2016-09-06,61594,13219
2016-09-13,62113,13745
2016-09-20,65265,63959
2016-09-27,76962,59166
2016-10-04,571306,208330
2016-10-11,597569,183919
2016-10-18,578530,170535
2016-10-25,56764,96409
2016-11-01,24500,42902
2016-11-08,21475,43851
2016-11-15,581416,305090
2016-11-22,56104,15997
2016-11-29,551697,263816
2016-12-06,589787,212161
2016-12-13,69451,65779
2016-12-20,21911,49721
2016-12-27,78245,84028
2017-01-03,74651,83770
2017-01-10,21973,56702
2017-01-17,631537,166859
2017-01-24,84812,60049
2017-01-31,87013,56783
2017-02-07,87061,58807
2017-02-14,20079,57968
2017-02-21,712717,156110
2017-02-28,89870,61143
2017-03-07,20102,54243
2017-03-14,687026,253226
2017-03-21,86812,70338
2017-03-28,18787,56788
2017-04-04,649987,241605
2017-04-11,14719,49838
2017-04-18,12972,50390
2017-04-25,618756,206934
2017-05-02,630692,257548
2017-05-09,16441,49056
2017-05-16,91698,52828
2017-05-23,595499,222510
2017-05-30,595577,221822
2017-06-06,17240,46426
2017-06-13,53921,17140
2017-06-20,18449,44471
2017-06-27,54317,18090
2017-07-03,633802,292755
2017-07-11,14715,44455
2017-07-18,53528,15718
2017-07-25,83354,62465
2017-08-01,717912,231147
2017-08-08,25847,57162
2017-08-15,28279,57425
2017-08-22,50741,16496
2017-08-29,25904,60464
2017-09-05,43925,17176
2017-09-12,26372,64257
2017-09-19,27273,67597
2017-09-26,51082,17695
2017-10-03,94383,87638
2017-10-10,27871,66976
2017-10-17,701946,272421
2017-10-24,51182,23901
2017-10-31,126210,88586
2017-11-07,758743,213537
2017-11-14,113698,90974
2017-11-21,114045,79601
2017-11-28,58861,31554
2017-12-05,114775,71158
2017-12-12,57209,28079
2017-12-19,102692,67700
2017-12-26,99510,66094
2018-01-02,57674,26241
2018-01-09,129659,54899
2018-01-16,1250,9510
2018-01-23,58542,96174
2018-01-30,60394,96037
2018-02-06,862102,123005
2018-02-13,59365,108622
2018-02-20,59062,105082
2018-02-27,823435,119331
2018-03-06,130932,42142
2018-03-13,65105,23734
2018-03-20,123998,38987
2018-03-27,109952,55582
2018-04-03,97325,62396
2018-04-10,97603,62489
2018-04-17,94014,53125
2018-04-24,0,0
2018-05-01,58969,107793
2018-05-08,225,581
2018-05-15,139211,56115
2018-05-22,750320,116934
2018-05-29,133877,58954
2018-06-05,1255,55
2018-06-12,2010,55
2018-06-19,0,0
2018-06-26,0,0
2018-07-03,0,0
2018-07-10,53804,81356
2018-07-17,0,0
2018-07-24,53135,76211
2018-07-31,1475,0
2018-08-07,1475,0
2018-08-14,0,0
2018-08-21,0,0
2018-08-28,7526,71315
2018-09-04,0,1025
2018-09-11,57711,74544
2018-09-18,8420,79233
2018-09-25,8482,0
2018-10-02,54679,19830
2018-10-09,55721,20354
2018-10-16,68865,78097
2018-10-23,585412,130134
2018-10-30,8088,0
2018-11-06,0,0
2018-11-13,2070,135
2018-11-20,8133,0
2018-11-27,115390,47296
2018-12-04,1670,270
2018-12-11,116413,56605
2018-12-18,502715,193107
2018-12-24,58196,21900
2018-12-31,0,315
2019-01-08,0,235
2019-01-15,520,255
2019-01-22,129419,54698
2019-01-29,54664,21052
2019-02-05,143553,50829
2019-02-12,158932,56609
2019-02-19,45767,86059
2019-02-26,6960,306
2019-03-05,650,0
2019-03-12,210,305
2019-03-19,534563,119817
2019-03-26,45879,94809
2019-04-02,53926,23402
2019-04-09,2880,92727
2019-04-16,162724,58841
2019-04-23,8258,489
2019-04-30,785,285
2019-05-07,8406,42
2019-05-14,188510,83207
2019-05-21,3510,116653
2019-05-28,0,0
2019-06-04,200698,72465
2019-06-11,62200,24867
2019-06-18,729,80
2019-06-25,2455,122501
2019-07-02,48474,109177
2019-07-09,5746,0
2019-07-16,2785,104547
2019-07-23,1080,8270
2019-07-30,885,107517
2019-08-06,56010,102142
2019-08-13,49652,100653
2019-08-20,55412,22535
2019-08-27,55148,22667
2019-09-03,4966,0
2019-09-10,0,94503
2019-09-17,1910,0
2019-09-24,1910,0
2019-10-01,1400,0
2019-10-08,58700,19953
2019-10-15,0,98489
2019-10-22,548951,182779
2019-10-29,552242,168895
2019-11-05,50509,23211
2019-11-12,49944,22620
2019-11-19,222426,44580
2019-11-26,2385,213317
2019-12-03,2385,203350
2019-12-10,5400,112316
2019-12-17,47544,113755
2019-12-24,625302,75225
2019-12-31,626848,71991
2020-01-07,425,800
2020-01-14,229781,40910
2020-01-21,599228,78660
2020-01-28,234980,42228
2020-02-04,48019,30402
2020-02-11,0,0
2020-02-18,0,0
2020-02-25,45,195
2020-03-03,0,7575
2020-03-10,0,5470
2020-03-17,44835,94422
2020-03-24,3011,0
2020-03-31,0,81167
2020-04-07,4646,0
2020-04-14,0,67328
2020-04-21,44601,86016
2020-04-28,0,505
2020-05-05,196423,42569
2020-05-12,0,1020
2020-05-19,34198,73597
2020-05-26,701234,158660
2020-06-02,4285,0
2020-06-09,732934,165025
2020-06-16,29687,72087
2020-06-23,61913,26989
2020-06-30,141460,29090
2020-07-07,4252,0
2020-07-14,44156,5733
2020-07-21,4252,294
2020-07-28,1361,43201
2020-08-04,693752,157486
2020-08-11,1214,37750
2020-08-18,58215,4802
2020-08-25,58026,4910
2020-09-01,118445,36547
2020-09-08,57962,4409
2020-09-15,0,0
2020-09-22,0,0
2020-09-29,648622,186711
2020-10-06,4421,0
2020-10-13,56767,27693
2020-10-20,31767,52969
2020-10-27,0,0
2020-11-03,0,32270
2020-11-10,102847,56798
2020-11-17,0,980
2020-11-24,51349,10955
2020-12-01,93420,50277
2020-12-08,0,0
2020-12-15,16811,55233
2020-12-21,47690,10761
2020-12-29,12810,0
2021-01-05,95868,64471
2021-01-12,17528,43699
2021-01-19,664833,156249
2021-01-26,70254,30934
2021-02-02,0,0
2021-02-09,72150,29596
2021-02-16,28290,2760
2021-02-23,97789,55133
2021-03-02,94161,63780
2021-03-09,0,1365
2021-03-16,28530,749
2021-03-23,27030,794
2021-03-30,43318,10659
2021-04-06,63666,32211
2021-04-13,37190,64227
2021-04-20,23520,2914
2021-04-27,95425,44111
2021-05-04,0,0
2021-05-11,96475,55207
2021-05-18,66619,37144
2021-05-25,10087,2705
2021-06-01,638635,147338
2021-06-08,39269,60776
2021-06-15,0,0
2021-06-22,2790,8363
2021-06-29,5495,30698
2021-07-06,2325,7765
2021-07-13,13448,0
2021-07-20,13380,0
2021-07-27,62275,40656
2021-08-03,66020,64845
2021-08-10,65725,74682
2021-08-17,538862,134539
2021-08-24,6422,43746
2021-08-31,32456,76017
2021-09-07,59453,37352
2021-09-14,3737,5940
2021-09-21,90,0
2021-09-28,62713,41819
2021-10-05,74940,76959
2021-10-12,32761,67685
2021-10-19,0,0
2021-10-26,41997,59807
2021-11-02,68886,40600
2021-11-09,6755,0
2021-11-16,45201,58101
2021-11-23,40872,55394
2021-11-30,0,0
2021-12-07,7338,0
2021-12-14,480,0
2021-12-21,480,0
2021-12-28,480,0
2022-01-04,80543,46308
2022-01-11,0,0
2022-01-18,42379,62585
2022-01-25,39888,65824
2022-02-01,6118,0
2022-02-08,180,0
2022-02-15,70319,73438
2022-02-22,2540,55461
2022-03-01,740,16085
2022-03-08,68777,37920
2022-03-15,84810,68184
2022-03-22,78188,38317
2022-03-29,2100,74460
2022-04-05,180,203
2022-04-12,83744,35262
2022-04-19,0,9093
2022-04-26,82296,75488
2022-05-03,77416,31003
2022-05-10,0,8089
2022-05-17,0,4567
2022-05-24,0,8454
2022-05-31,3770,61898
2022-06-07,4023,0
2022-06-14,409427,106481
2022-06-21,180,0
2022-06-28,0,5346
2022-07-05,64220,82338
2022-07-12,3065,0
2022-07-19,374677,103586
2022-07-26,0,4266
2022-08-02,0,4266
2022-08-09,77010,56374
2022-08-16,2452,0
2022-08-23,60,0
2022-08-30,0,0
2022-09-06,0,6246
2022-09-13,63412,24167
2022-09-20,0,6006
2022-09-27,333933,107853
2022-10-04,58592,23513
2022-10-11,4271,0
2022-10-18,3971,0
2022-10-25,0,4725
2022-11-01,3358,0
2022-11-08,0,51
2022-11-15,0,3685
2022-11-22,4868,0
2022-11-29,4255,0
2022-12-06,52312,16132
2022-12-13,100831,47046
2022-12-20,11815,4300
2022-12-27,104909,47891
2023-01-03,323546,95939
2023-01-10,11835,5770
2023-01-17,0,16425
2023-01-24,83461,51703
2023-01-31,335074,91254
2023-02-07,840,0
2023-02-14,57137,11766
2023-02-21,7865,20605
2023-02-28,16515,0
2023-03-07,5670,24140
2023-03-14,5170,25010
2023-03-21,303340,148999
2023-03-28,88111,40607
2023-04-04,86208,46066
2023-04-11,82611,46715
2023-04-18,49524,14190
2023-04-25,0,0
2023-05-02,73346,58561
2023-05-09,338155,121527
2023-05-16,24890,2586
2023-05-23,11818,26429
2023-05-30,9883,28550
2023-06-06,10283,31400
2023-06-13,10868,34315
2023-06-20,26810,3125
2023-06-27,338078,199690
2023-07-03,520,0
2023-07-11,24235,2668
2023-07-18,359341,153242
2023-07-25,44460,14213
2023-08-01,24070,3251
2023-08-08,91150,63822
2023-08-15,79408,55163
2023-08-22,1280,0
2023-08-29,61111,16638
2023-09-05,8685,41219
2023-09-12,36235,2718
2023-09-19,38394,2718
2023-09-26,90178,52054
2023-10-03,461207,111647
2023-10-10,50324,15325
2023-10-17,50474,15341
2023-10-24,16096,44489
2023-10-31,55585,18602
2023-11-07,45277,16536
2023-11-14,674,0
2023-11-21,10817,52143
2023-11-28,352382,169211
2023-12-05,270,35
2023-12-12,260,35
2023-12-19,250,35
2023-12-26,250,35
2024-01-02,250,15
2024-01-09,49143,14604
2024-01-16,47551,6000
2024-01-23,380,292
2024-01-30,42806,11491
2024-02-06,47318,11491
2024-02-13,18620,56173
2024-02-20,323548,131647
2024-02-27,570,25
2024-03-05,42969,13270
2024-03-12,95,463
2024-03-19,366016,88259
2024-03-26,16475,49141
2024-04-02,2562,63845
2024-04-09,88252,52425
2024-04-16,63400,27413
2024-04-23,510,0
2024-04-30,26007,6554
2024-05-07,27502,12279
2024-05-14,24102,13825
2024-05-21,19549,31353
2024-05-28,61531,26940
2024-06-04,22045,35571
2024-06-11,318183,84699
2024-06-18,2185,50
2024-06-25,160,51998
2024-07-02,55460,23904
2024-07-09,55491,24992
2024-07-16,28932,21098
2024-07-23,73238,62495
2024-07-30,63738,25267
2024-08-06,54871,22920
2024-08-13,11773,38939
2024-08-20,11789,20709
2024-08-27,303474,76775
2024-09-03,50387,23182
2024-09-10,20002,2000
2024-09-17,11216,25602
2024-09-24,14364,31993
2024-10-01,16736,1691
2024-10-08,12234,25545
2024-10-15,55078,25846
2024-10-22,645,565
2024-10-29,21641,5009
2024-11-05,313914,117826
2024-11-12,0,1810
2024-11-19,45572,27751
2024-11-26,20936,7003
2024-12-03,322841,121377
2024-12-10,41915,24205
2024-12-17,21236,10782
2024-12-24,17170,56140
2024-12-31,20283,12556
2025-01-07,411623,132056
2025-01-14,22930,52865
2025-01-21,24920,53587
2025-01-28,23077,53965
2025-02-04,40659,20341
2025-02-11,23850,18862
2025-02-18,23850,19752
2025-02-25,27039,54620
2025-03-04,95037,96145
2025-03-11,24137,19548
2025-03-18,25248,20693
2025-03-25,54,560
2025-04-01,23324,19702
2025-04-08,5826,57108
2025-04-15,5301,58348
2025-04-22,1920,115
2025-04-29,4633,64718
2025-05-06,22611,19677
2025-05-13,22611,20691
2025-05-20,31066,51964
2025-05-27,22055,17841
2025-06-03,22054,17820
2025-06-10,53435,28877
2025-06-17,1634,79298
2025-06-24,23325,12875
2025-07-01,20263,11375
2025-07-08,56547,32752
2025-07-15,308915,146488
2025-07-22,22481,11604
2025-07-29,61302,33065
2025-08-05,19408,9239
2025-08-12,16933,59504
2025-08-19,304490,184281
2025-08-26,17444,9822
2025-09-02,58785,29466
2025-09-09,16306,64571
2025-09-16,8665,300
2025-09-23,59522,29871
2025-09-30,14225,4670
2025-10-07,270570,196261
2025-10-14,273817,212826
2025-10-21,272677,232877
2025-10-28,115809,74607
2025-11-04,51620,22145
2025-11-10,4388,2918
2025-11-18,52162,21230
2025-11-25,3463,2842
2025-12-02,109644,72858
2025-12-09,24701,44850
2025-12-16,0,6825
2025-12-23,261767,196869
2025-12-30,261395,196804
2026-01-06,258956,201604
2026-01-13,286136,228008
2026-01-20,284809,206017
2026-01-27,295247,198265
2026-02-03,315529,190964
2026-02-10,320742,202928
2026-02-17,321645,180302
2026-02-24,352565,179853
